-- team table data
insert into footballclub_db.public.team (team_id, team_name, stadium, description)
values (1, 'Arsenal', 'Emirates Stadium', 'Arsenal is a London-based club founded in 1886.');
insert into footballclub_db.public.team (team_id, team_name, stadium, description)
values (2, 'Aston Villa', 'Villa Park', 'Aston Villa is a Birmingham-based club founded in 1874.');
insert into footballclub_db.public.team (team_id, team_name, stadium, description)
values (3, 'Brentford', 'Brentford Community Stadium', 'Brentford is a London-based club founded in 1889.');
insert into footballclub_db.public.team (team_id, team_name, stadium, description)
values (4, 'Brighton & Hove Albion', 'Amex Stadium',
        'Brighton & Hove Albion is a Brighton-based club founded in 1901.');
insert into footballclub_db.public.team (team_id, team_name, stadium, description)
values (5, 'Burnley', 'Turf Moor', 'Burnley is a Burnley-based club founded in 1882.');

-- footballer table data
insert into footballclub_db.public.footballer (footballer_id, footballer_name, footballer_surname)
values (1, 'Γιάννης', 'Παπαδόπ');
insert into footballclub_db.public.footballer (footballer_id, footballer_name, footballer_surname)
values (2, 'Δημήτρης', 'Καραγιάν');
insert into footballclub_db.public.footballer (footballer_id, footballer_name, footballer_surname)
values (3, 'Νικόλαος', 'Αντωνόπ');
insert into footballclub_db.public.footballer (footballer_id, footballer_name, footballer_surname)
values (4, 'Γεώργιος', 'Παπαδόπ');
insert into footballclub_db.public.footballer (footballer_id, footballer_name, footballer_surname)
values (5, 'Αθανάσιος', 'Βασιλει');
insert into footballclub_db.public.footballer (footballer_id, footballer_name, footballer_surname)
values (6, 'Χρήστος', 'Δημητρόπ');
insert into footballclub_db.public.footballer (footballer_id, footballer_name, footballer_surname)
values (7, 'Αλέξανδρος', 'Γεωργί');
insert into footballclub_db.public.footballer (footballer_id, footballer_name, footballer_surname)
values (8, 'Παναγιώτης', 'Ανδρέο');
insert into footballclub_db.public.footballer (footballer_id, footballer_name, footballer_surname)
values (9, 'Γεώργιος', 'Σταματό');
insert into footballclub_db.public.footballer (footballer_id, footballer_name, footballer_surname)
values (10, 'Ιωάννης', 'Αθανασι');
insert into footballclub_db.public.footballer (footballer_id, footballer_name, footballer_surname)
values (11, 'Δημήτριος', 'Αναστα');
insert into footballclub_db.public.footballer (footballer_id, footballer_name, footballer_surname)
values (12, 'Αντώνης', 'Παντελί');
insert into footballclub_db.public.footballer (footballer_id, footballer_name, footballer_surname)
values (13, 'Γεώργιος', 'Γεωργί');
insert into footballclub_db.public.footballer (footballer_id, footballer_name, footballer_surname)
values (14, 'Θεόδωρος', 'Σωτηρί');
insert into footballclub_db.public.footballer (footballer_id, footballer_name, footballer_surname)
values (15, 'Παναγιώτης', 'Ανδρέ');
insert into footballclub_db.public.footballer (footballer_id, footballer_name, footballer_surname)
values (16, 'Νικόλαος', 'Παπαδά');
insert into footballclub_db.public.footballer (footballer_id, footballer_name, footballer_surname)
values (17, 'Χρήστος', 'Παναγι');
insert into footballclub_db.public.footballer (footballer_id, footballer_name, footballer_surname)
values (18, 'Γεώργιος', 'Μαρκόπ');
insert into footballclub_db.public.footballer (footballer_id, footballer_name, footballer_surname)
values (19, 'Παναγιώτης', 'Τσιρί');
insert into footballclub_db.public.footballer (footballer_id, footballer_name, footballer_surname)
values (20, 'Αθανάσιος', 'Παπαδό');
insert into footballclub_db.public.footballer (footballer_id, footballer_name, footballer_surname)
values (21, 'Δημήτριος', 'Καραγι');
insert into footballclub_db.public.footballer (footballer_id, footballer_name, footballer_surname)
values (22, 'Νικόλαος', 'Αντων');
insert into footballclub_db.public.footballer (footballer_id, footballer_name, footballer_surname)
values (23, 'Γεώργιος', 'Παπαδό');
insert into footballclub_db.public.footballer (footballer_id, footballer_name, footballer_surname)
values (24, 'Αθανάσιος', 'Βασιλ');
insert into footballclub_db.public.footballer (footballer_id, footballer_name, footballer_surname)
values (25, 'Χρήστος', 'Δημητρ');
insert into footballclub_db.public.footballer (footballer_id, footballer_name, footballer_surname)
values (26, 'Αλέξανδρος', 'Γεωρ');
insert into footballclub_db.public.footballer (footballer_id, footballer_name, footballer_surname)
values (27, 'Παναγιώτης', 'Ανδρ');
insert into footballclub_db.public.footballer (footballer_id, footballer_name, footballer_surname)
values (28, 'Γεώργιος', 'Σταμα');
insert into footballclub_db.public.footballer (footballer_id, footballer_name, footballer_surname)
values (29, 'Ιωάννης', 'Αθαν');
insert into footballclub_db.public.footballer (footballer_id, footballer_name, footballer_surname)
values (30, 'Δημήτριος', 'Ανα');
insert into footballclub_db.public.footballer (footballer_id, footballer_name, footballer_surname)
values (31, 'Αντώνης', 'Παντ');
insert into footballclub_db.public.footballer (footballer_id, footballer_name, footballer_surname)
values (32, 'Γεώργιος', 'Γεο');
insert into footballclub_db.public.footballer (footballer_id, footballer_name, footballer_surname)
values (33, 'Θεόδωρος', 'Σωτ');
insert into footballclub_db.public.footballer (footballer_id, footballer_name, footballer_surname)
values (34, 'Παναγιώτης', 'Ανδ');
insert into footballclub_db.public.footballer (footballer_id, footballer_name, footballer_surname)
values (35, 'Νικόλαος', 'Παπ');
insert into footballclub_db.public.footballer (footballer_id, footballer_name, footballer_surname)
values (36, 'Χρήστος', 'Πανα');
insert into footballclub_db.public.footballer (footballer_id, footballer_name, footballer_surname)
values (37, 'Γεώργιος', 'Μαρ');
insert into footballclub_db.public.footballer (footballer_id, footballer_name, footballer_surname)
values (38, 'Παναγιώτης', 'Τσι');
insert into footballclub_db.public.footballer (footballer_id, footballer_name, footballer_surname)
values (39, 'Αθανάσιος', 'Παπ');
insert into footballclub_db.public.footballer (footballer_id, footballer_name, footballer_surname)
values (40, 'Δημήτριος', 'Καρ');
insert into footballclub_db.public.footballer (footballer_id, footballer_name, footballer_surname)
values (41, 'Νικόλαος', 'Αντ');
insert into footballclub_db.public.footballer (footballer_id, footballer_name, footballer_surname)
values (42, 'Γεώργιος', 'Παπ');
insert into footballclub_db.public.footballer (footballer_id, footballer_name, footballer_surname)
values (43, 'Αθανάσιος', 'Βα');
insert into footballclub_db.public.footballer (footballer_id, footballer_name, footballer_surname)
values (44, 'Χρήστος', 'Δη');
insert into footballclub_db.public.footballer (footballer_id, footballer_name, footballer_surname)
values (45, 'Αλέξανδρος', 'Γ');
insert into footballclub_db.public.footballer (footballer_id, footballer_name, footballer_surname)
values (46, 'Παναγιώτης', 'Α');
insert into footballclub_db.public.footballer (footballer_id, footballer_name, footballer_surname)
values (47, 'Γεώργιος', 'Σ');
insert into footballclub_db.public.footballer (footballer_id, footballer_name, footballer_surname)
values (48, 'Ιωάννης', 'Α');
insert into footballclub_db.public.footballer (footballer_id, footballer_name, footballer_surname)
values (49, 'Δημήτριος', 'Α');
insert into footballclub_db.public.footballer (footballer_id, footballer_name, footballer_surname)
values (50, 'Αντώνης', 'Π');
insert into footballclub_db.public.footballer (footballer_id, footballer_name, footballer_surname)
values (51, 'Γεώργιος', 'Γ');
insert into footballclub_db.public.footballer (footballer_id, footballer_name, footballer_surname)
values (52, 'Θεόδωρος', 'Σ');
insert into footballclub_db.public.footballer (footballer_id, footballer_name, footballer_surname)
values (53, 'Παναγιώτης', 'Α');
insert into footballclub_db.public.footballer (footballer_id, footballer_name, footballer_surname)
values (54, 'Νικόλαος', 'Π');
insert into footballclub_db.public.footballer (footballer_id, footballer_name, footballer_surname)
values (55, 'Χρήστος', 'Π');

-- footballer_registration_date_in_team table data
insert into footballclub_db.public.footballer_registration_date_in_team (footballer_id, team_id, registration_date)
values (1, 1, '2022-11-27');
insert into footballclub_db.public.footballer_registration_date_in_team (footballer_id, team_id, registration_date)
values (2, 1, '2021-05-21');
insert into footballclub_db.public.footballer_registration_date_in_team (footballer_id, team_id, registration_date)
values (3, 1, '2021-03-21');
insert into footballclub_db.public.footballer_registration_date_in_team (footballer_id, team_id, registration_date)
values (4, 1, '2023-02-23');
insert into footballclub_db.public.footballer_registration_date_in_team (footballer_id, team_id, registration_date)
values (5, 1, '2022-12-27');
insert into footballclub_db.public.footballer_registration_date_in_team (footballer_id, team_id, registration_date)
values (6, 1, '2020-10-28');
insert into footballclub_db.public.footballer_registration_date_in_team (footballer_id, team_id, registration_date)
values (7, 1, '2021-05-27');
insert into footballclub_db.public.footballer_registration_date_in_team (footballer_id, team_id, registration_date)
values (8, 1, '2020-12-28');
insert into footballclub_db.public.footballer_registration_date_in_team (footballer_id, team_id, registration_date)
values (9, 1, '2020-10-14');
insert into footballclub_db.public.footballer_registration_date_in_team (footballer_id, team_id, registration_date)
values (10, 1, '2023-02-07');
insert into footballclub_db.public.footballer_registration_date_in_team (footballer_id, team_id, registration_date)
values (11, 1, '2021-12-02');
insert into footballclub_db.public.footballer_registration_date_in_team (footballer_id, team_id, registration_date)
values (12, 2, '2020-04-11');
insert into footballclub_db.public.footballer_registration_date_in_team (footballer_id, team_id, registration_date)
values (13, 2, '2022-11-07');
insert into footballclub_db.public.footballer_registration_date_in_team (footballer_id, team_id, registration_date)
values (14, 2, '2021-07-28');
insert into footballclub_db.public.footballer_registration_date_in_team (footballer_id, team_id, registration_date)
values (15, 2, '2021-09-16');
insert into footballclub_db.public.footballer_registration_date_in_team (footballer_id, team_id, registration_date)
values (16, 2, '2022-06-23');
insert into footballclub_db.public.footballer_registration_date_in_team (footballer_id, team_id, registration_date)
values (17, 2, '2020-10-30');
insert into footballclub_db.public.footballer_registration_date_in_team (footballer_id, team_id, registration_date)
values (18, 2, '2020-06-14');
insert into footballclub_db.public.footballer_registration_date_in_team (footballer_id, team_id, registration_date)
values (19, 2, '2022-03-02');
insert into footballclub_db.public.footballer_registration_date_in_team (footballer_id, team_id, registration_date)
values (20, 2, '2020-09-13');
insert into footballclub_db.public.footballer_registration_date_in_team (footballer_id, team_id, registration_date)
values (21, 2, '2021-07-09');
insert into footballclub_db.public.footballer_registration_date_in_team (footballer_id, team_id, registration_date)
values (22, 2, '2022-12-18');
insert into footballclub_db.public.footballer_registration_date_in_team (footballer_id, team_id, registration_date)
values (23, 3, '2022-04-24');
insert into footballclub_db.public.footballer_registration_date_in_team (footballer_id, team_id, registration_date)
values (24, 3, '2021-11-13');
insert into footballclub_db.public.footballer_registration_date_in_team (footballer_id, team_id, registration_date)
values (25, 3, '2023-01-02');
insert into footballclub_db.public.footballer_registration_date_in_team (footballer_id, team_id, registration_date)
values (26, 3, '2021-05-27');
insert into footballclub_db.public.footballer_registration_date_in_team (footballer_id, team_id, registration_date)
values (27, 3, '2022-09-11');
insert into footballclub_db.public.footballer_registration_date_in_team (footballer_id, team_id, registration_date)
values (28, 3, '2020-08-01');
insert into footballclub_db.public.footballer_registration_date_in_team (footballer_id, team_id, registration_date)
values (29, 3, '2022-03-27');
insert into footballclub_db.public.footballer_registration_date_in_team (footballer_id, team_id, registration_date)
values (30, 3, '2023-02-27');
insert into footballclub_db.public.footballer_registration_date_in_team (footballer_id, team_id, registration_date)
values (31, 3, '2020-09-18');
insert into footballclub_db.public.footballer_registration_date_in_team (footballer_id, team_id, registration_date)
values (32, 3, '2021-11-30');
insert into footballclub_db.public.footballer_registration_date_in_team (footballer_id, team_id, registration_date)
values (33, 3, '2021-10-13');
insert into footballclub_db.public.footballer_registration_date_in_team (footballer_id, team_id, registration_date)
values (34, 4, '2022-12-19');
insert into footballclub_db.public.footballer_registration_date_in_team (footballer_id, team_id, registration_date)
values (35, 4, '2022-05-29');
insert into footballclub_db.public.footballer_registration_date_in_team (footballer_id, team_id, registration_date)
values (36, 4, '2023-01-15');
insert into footballclub_db.public.footballer_registration_date_in_team (footballer_id, team_id, registration_date)
values (37, 4, '2021-12-07');
insert into footballclub_db.public.footballer_registration_date_in_team (footballer_id, team_id, registration_date)
values (38, 4, '2023-02-23');
insert into footballclub_db.public.footballer_registration_date_in_team (footballer_id, team_id, registration_date)
values (39, 4, '2021-10-19');
insert into footballclub_db.public.footballer_registration_date_in_team (footballer_id, team_id, registration_date)
values (40, 4, '2021-06-27');
insert into footballclub_db.public.footballer_registration_date_in_team (footballer_id, team_id, registration_date)
values (41, 4, '2020-10-26');
insert into footballclub_db.public.footballer_registration_date_in_team (footballer_id, team_id, registration_date)
values (42, 4, '2020-05-19');
insert into footballclub_db.public.footballer_registration_date_in_team (footballer_id, team_id, registration_date)
values (43, 4, '2022-01-03');
insert into footballclub_db.public.footballer_registration_date_in_team (footballer_id, team_id, registration_date)
values (44, 4, '2022-12-04');
insert into footballclub_db.public.footballer_registration_date_in_team (footballer_id, team_id, registration_date)
values (45, 5, '2021-03-14');
insert into footballclub_db.public.footballer_registration_date_in_team (footballer_id, team_id, registration_date)
values (46, 5, '2020-09-01');
insert into footballclub_db.public.footballer_registration_date_in_team (footballer_id, team_id, registration_date)
values (47, 5, '2022-10-23');
insert into footballclub_db.public.footballer_registration_date_in_team (footballer_id, team_id, registration_date)
values (48, 5, '2021-11-02');
insert into footballclub_db.public.footballer_registration_date_in_team (footballer_id, team_id, registration_date)
values (49, 5, '2022-06-08');
insert into footballclub_db.public.footballer_registration_date_in_team (footballer_id, team_id, registration_date)
values (50, 5, '2021-05-02');
insert into footballclub_db.public.footballer_registration_date_in_team (footballer_id, team_id, registration_date)
values (51, 5, '2020-04-26');
insert into footballclub_db.public.footballer_registration_date_in_team (footballer_id, team_id, registration_date)
values (52, 5, '2020-09-28');
insert into footballclub_db.public.footballer_registration_date_in_team (footballer_id, team_id, registration_date)
values (53, 5, '2020-04-26');
insert into footballclub_db.public.footballer_registration_date_in_team (footballer_id, team_id, registration_date)
values (54, 5, '2020-01-19');
insert into footballclub_db.public.footballer_registration_date_in_team (footballer_id, team_id, registration_date)
values (55, 5, '2021-05-24');

-- footballer_position_in_team table data
insert into footballclub_db.public.footballer_position_in_team (footballer_id, team_id, position)
values (1, 1, 'defender');
insert into footballclub_db.public.footballer_position_in_team (footballer_id, team_id, position)
values (2, 1, 'defender');
insert into footballclub_db.public.footballer_position_in_team (footballer_id, team_id, position)
values (3, 1, 'defender');
insert into footballclub_db.public.footballer_position_in_team (footballer_id, team_id, position)
values (4, 1, 'midfielder');
insert into footballclub_db.public.footballer_position_in_team (footballer_id, team_id, position)
values (5, 1, 'goalkeeper');
insert into footballclub_db.public.footballer_position_in_team (footballer_id, team_id, position)
values (6, 1, 'goalkeeper');
insert into footballclub_db.public.footballer_position_in_team (footballer_id, team_id, position)
values (7, 1, 'midfielder');
insert into footballclub_db.public.footballer_position_in_team (footballer_id, team_id, position)
values (8, 1, 'goalkeeper');
insert into footballclub_db.public.footballer_position_in_team (footballer_id, team_id, position)
values (9, 1, 'midfielder');
insert into footballclub_db.public.footballer_position_in_team (footballer_id, team_id, position)
values (10, 1, 'goalkeeper');
insert into footballclub_db.public.footballer_position_in_team (footballer_id, team_id, position)
values (11, 1, 'goalkeeper');
insert into footballclub_db.public.footballer_position_in_team (footballer_id, team_id, position)
values (12, 2, 'goalkeeper');
insert into footballclub_db.public.footballer_position_in_team (footballer_id, team_id, position)
values (13, 2, 'defender');
insert into footballclub_db.public.footballer_position_in_team (footballer_id, team_id, position)
values (14, 2, 'defender');
insert into footballclub_db.public.footballer_position_in_team (footballer_id, team_id, position)
values (15, 2, 'defender');
insert into footballclub_db.public.footballer_position_in_team (footballer_id, team_id, position)
values (16, 2, 'midfielder');
insert into footballclub_db.public.footballer_position_in_team (footballer_id, team_id, position)
values (17, 2, 'defender');
insert into footballclub_db.public.footballer_position_in_team (footballer_id, team_id, position)
values (18, 2, 'midfielder');
insert into footballclub_db.public.footballer_position_in_team (footballer_id, team_id, position)
values (19, 2, 'forward');
insert into footballclub_db.public.footballer_position_in_team (footballer_id, team_id, position)
values (20, 2, 'goalkeeper');
insert into footballclub_db.public.footballer_position_in_team (footballer_id, team_id, position)
values (21, 2, 'midfielder');
insert into footballclub_db.public.footballer_position_in_team (footballer_id, team_id, position)
values (22, 2, 'forward');
insert into footballclub_db.public.footballer_position_in_team (footballer_id, team_id, position)
values (23, 3, 'forward');
insert into footballclub_db.public.footballer_position_in_team (footballer_id, team_id, position)
values (24, 3, 'goalkeeper');
insert into footballclub_db.public.footballer_position_in_team (footballer_id, team_id, position)
values (25, 3, 'midfielder');
insert into footballclub_db.public.footballer_position_in_team (footballer_id, team_id, position)
values (26, 3, 'goalkeeper');
insert into footballclub_db.public.footballer_position_in_team (footballer_id, team_id, position)
values (27, 3, 'defender');
insert into footballclub_db.public.footballer_position_in_team (footballer_id, team_id, position)
values (28, 3, 'midfielder');
insert into footballclub_db.public.footballer_position_in_team (footballer_id, team_id, position)
values (29, 3, 'defender');
insert into footballclub_db.public.footballer_position_in_team (footballer_id, team_id, position)
values (30, 3, 'goalkeeper');
insert into footballclub_db.public.footballer_position_in_team (footballer_id, team_id, position)
values (31, 3, 'defender');
insert into footballclub_db.public.footballer_position_in_team (footballer_id, team_id, position)
values (32, 3, 'midfielder');
insert into footballclub_db.public.footballer_position_in_team (footballer_id, team_id, position)
values (33, 3, 'forward');
insert into footballclub_db.public.footballer_position_in_team (footballer_id, team_id, position)
values (34, 4, 'forward');
insert into footballclub_db.public.footballer_position_in_team (footballer_id, team_id, position)
values (35, 4, 'midfielder');
insert into footballclub_db.public.footballer_position_in_team (footballer_id, team_id, position)
values (36, 4, 'goalkeeper');
insert into footballclub_db.public.footballer_position_in_team (footballer_id, team_id, position)
values (37, 4, 'forward');
insert into footballclub_db.public.footballer_position_in_team (footballer_id, team_id, position)
values (38, 4, 'forward');
insert into footballclub_db.public.footballer_position_in_team (footballer_id, team_id, position)
values (39, 4, 'forward');
insert into footballclub_db.public.footballer_position_in_team (footballer_id, team_id, position)
values (40, 4, 'forward');
insert into footballclub_db.public.footballer_position_in_team (footballer_id, team_id, position)
values (41, 4, 'defender');
insert into footballclub_db.public.footballer_position_in_team (footballer_id, team_id, position)
values (42, 4, 'goalkeeper');
insert into footballclub_db.public.footballer_position_in_team (footballer_id, team_id, position)
values (43, 4, 'forward');
insert into footballclub_db.public.footballer_position_in_team (footballer_id, team_id, position)
values (44, 4, 'forward');
insert into footballclub_db.public.footballer_position_in_team (footballer_id, team_id, position)
values (45, 5, 'goalkeeper');
insert into footballclub_db.public.footballer_position_in_team (footballer_id, team_id, position)
values (46, 5, 'goalkeeper');
insert into footballclub_db.public.footballer_position_in_team (footballer_id, team_id, position)
values (47, 5, 'forward');
insert into footballclub_db.public.footballer_position_in_team (footballer_id, team_id, position)
values (48, 5, 'midfielder');
insert into footballclub_db.public.footballer_position_in_team (footballer_id, team_id, position)
values (49, 5, 'defender');
insert into footballclub_db.public.footballer_position_in_team (footballer_id, team_id, position)
values (50, 5, 'forward');
insert into footballclub_db.public.footballer_position_in_team (footballer_id, team_id, position)
values (51, 5, 'forward');
insert into footballclub_db.public.footballer_position_in_team (footballer_id, team_id, position)
values (52, 5, 'goalkeeper');
insert into footballclub_db.public.footballer_position_in_team (footballer_id, team_id, position)
values (53, 5, 'forward');
insert into footballclub_db.public.footballer_position_in_team (footballer_id, team_id, position)
values (54, 5, 'defender');
insert into footballclub_db.public.footballer_position_in_team (footballer_id, team_id, position)
values (55, 5, 'midfielder');

-- coach table data
insert into footballclub_db.public.coach (coach_id, footballer_id)
values (1, 1);
insert into footballclub_db.public.coach (coach_id, footballer_id)
values (2, 12);
insert into footballclub_db.public.coach (coach_id, footballer_id)
values (3, 23);
insert into footballclub_db.public.coach (coach_id, footballer_id)
values (4, 34);
insert into footballclub_db.public.coach (coach_id, footballer_id)
values (5, 45);

-- coach_registration_date_in_team table data
insert into footballclub_db.public.coach_registration_date_in_team (coach_id, team_id, registration_date)
values (1, 1, '2023-04-15');
insert into footballclub_db.public.coach_registration_date_in_team (coach_id, team_id, registration_date)
values (2, 2, '2023-04-26');
insert into footballclub_db.public.coach_registration_date_in_team (coach_id, team_id, registration_date)
values (3, 3, '2023-04-21');
insert into footballclub_db.public.coach_registration_date_in_team (coach_id, team_id, registration_date)
values (4, 4, '2023-05-05');
insert into footballclub_db.public.coach_registration_date_in_team (coach_id, team_id, registration_date)
values (5, 5, '2023-04-23');

-- coach_position_in_team table data
insert into footballclub_db.public.coach_position_in_team (coach_id, team_id, position)
values (1, 1, 'goalkeeping');
insert into footballclub_db.public.coach_position_in_team (coach_id, team_id, position)
values (2, 2, 'goalkeeping');
insert into footballclub_db.public.coach_position_in_team (coach_id, team_id, position)
values (3, 3, 'fitness');
insert into footballclub_db.public.coach_position_in_team (coach_id, team_id, position)
values (4, 4, 'fitness');
insert into footballclub_db.public.coach_position_in_team (coach_id, team_id, position)
values (5, 5, 'scout');

-- match table data
insert into footballclub_db.public.match (match_id, home_team_id, away_team_id, match_date, match_time)
values (1, 1, 2, '2023-05-05', '14:00:00');
insert into footballclub_db.public.match (match_id, home_team_id, away_team_id, match_date, match_time)
values (2, 3, 4, '2023-05-06', '15:00:00');
insert into footballclub_db.public.match (match_id, home_team_id, away_team_id, match_date, match_time)
values (3, 5, 1, '2023-05-17', '17:00:00');
insert into footballclub_db.public.match (match_id, home_team_id, away_team_id, match_date, match_time)
values (4, 2, 3, '2023-05-20', '13:00:00');

-- match_score table data
insert into footballclub_db.public.match_score (match_id, home_team_score, away_team_score)
values (1, 4, 2);
insert into footballclub_db.public.match_score (match_id, home_team_score, away_team_score)
values (2, 3, 0);
insert into footballclub_db.public.match_score (match_id, home_team_score, away_team_score)
values (3, 4, 3);
insert into footballclub_db.public.match_score (match_id, home_team_score, away_team_score)
values (4, 1, 1);

-- team_wins table data
-- We update instead of insert because we already have data in the table (due to the trigger initialization)
update footballclub_db.public.team_wins
set home_wins = team_wins.home_wins + 1
where team_id = 1;
update footballclub_db.public.team_wins
set away_wins = team_wins.away_wins + 1
where team_id = 3;
update footballclub_db.public.team_wins
set home_wins = team_wins.home_wins + 1
where team_id = 5;

-- team_draws table data
-- We update instead of insert because we already have data in the table (due to the trigger initialization)
update footballclub_db.public.team_draws
set home_draws = team_draws.home_draws + 1
where team_id = 2;
update footballclub_db.public.team_draws
set away_draws = team_draws.away_draws + 1
where team_id = 3;

--team_defeats table data
-- We update instead of insert because we already have data in the table (due to the trigger initialization)
update footballclub_db.public.team_defeats
set away_defeats = team_defeats.away_defeats + 1
where team_id = 1;
update footballclub_db.public.team_defeats
set home_defeats = team_defeats.away_defeats + 1
where team_id = 2;
update footballclub_db.public.team_defeats
set home_defeats = team_defeats.away_defeats + 1
where team_id = 4;

-- goal table data
insert into footballclub_db.public.goal (match_id, footballer_id, goal_time, is_valid, is_penalty)
values (1, 11, '14:05:14', false, true);
insert into footballclub_db.public.goal (match_id, footballer_id, goal_time, is_valid, is_penalty)
values (1, 14, '14:12:20', true, false);
insert into footballclub_db.public.goal (match_id, footballer_id, goal_time, is_valid, is_penalty)
values (1, 10, '14:20:34', false, false);
insert into footballclub_db.public.goal (match_id, footballer_id, goal_time, is_valid, is_penalty)
values (1, 10, '14:44:20', true, true);
insert into footballclub_db.public.goal (match_id, footballer_id, goal_time, is_valid, is_penalty)
values (1, 18, '14:45:00', true, false);
insert into footballclub_db.public.goal (match_id, footballer_id, goal_time, is_valid, is_penalty)
values (1, 8, '15:20:19', true, false);
insert into footballclub_db.public.goal (match_id, footballer_id, goal_time, is_valid, is_penalty)
values (1, 1, '15:33:49', true, true);
insert into footballclub_db.public.goal (match_id, footballer_id, goal_time, is_valid, is_penalty)
values (1, 8, '15:44:10', true, true);
insert into footballclub_db.public.goal (match_id, footballer_id, goal_time, is_valid, is_penalty)
values (2, 23, '15:22:00', true, false);
insert into footballclub_db.public.goal (match_id, footballer_id, goal_time, is_valid, is_penalty)
values (2, 24, '15:40:15', false, false);
insert into footballclub_db.public.goal (match_id, footballer_id, goal_time, is_valid, is_penalty)
values (2, 27, '15:45:56', true, false);
insert into footballclub_db.public.goal (match_id, footballer_id, goal_time, is_valid, is_penalty)
values (2, 30, '16:32:39', true, true);
insert into footballclub_db.public.goal (match_id, footballer_id, goal_time, is_valid, is_penalty)
values (3, 9, '17:10:20', true, false);
insert into footballclub_db.public.goal (match_id, footballer_id, goal_time, is_valid, is_penalty)
values (3, 5, '17:19:00', true, true);
insert into footballclub_db.public.goal (match_id, footballer_id, goal_time, is_valid, is_penalty)
values (3, 54, '17:22:02', true, false);
insert into footballclub_db.public.goal (match_id, footballer_id, goal_time, is_valid, is_penalty)
values (3, 53, '17:30:40', false, true);
insert into footballclub_db.public.goal (match_id, footballer_id, goal_time, is_valid, is_penalty)
values (3, 4, '17:43:21', false, false);
insert into footballclub_db.public.goal (match_id, footballer_id, goal_time, is_valid, is_penalty)
values (3, 47, '18:20:11', true, true);
insert into footballclub_db.public.goal (match_id, footballer_id, goal_time, is_valid, is_penalty)
values (3, 55, '18:25:03', true, true);
insert into footballclub_db.public.goal (match_id, footballer_id, goal_time, is_valid, is_penalty)
values (3, 4, '18:33:44', true, false);
insert into footballclub_db.public.goal (match_id, footballer_id, goal_time, is_valid, is_penalty)
values (3, 46, '18:44:10', true, false);
insert into footballclub_db.public.goal (match_id, footballer_id, goal_time, is_valid, is_penalty)
values (4, 23, '13:26:40', true, false);
insert into footballclub_db.public.goal (match_id, footballer_id, goal_time, is_valid, is_penalty)
values (4, 21, '13:43:10', false, false);
insert into footballclub_db.public.goal (match_id, footballer_id, goal_time, is_valid, is_penalty)
values (4, 13, '14:27:39', true, true);

-- corner table data
insert into footballclub_db.public.corner (match_id, footballer_id, corner_time)
values (1, 13, '14:29:19');
insert into footballclub_db.public.corner (match_id, footballer_id, corner_time)
values (1, 2, '14:46:11');
insert into footballclub_db.public.corner (match_id, footballer_id, corner_time)
values (1, 15, '15:29:19');
insert into footballclub_db.public.corner (match_id, footballer_id, corner_time)
values (1, 9, '15:46:11');
insert into footballclub_db.public.corner (match_id, footballer_id, corner_time)
values (2, 21, '15:44:50');
insert into footballclub_db.public.corner (match_id, footballer_id, corner_time)
values (2, 25, '16:13:33');
insert into footballclub_db.public.corner (match_id, footballer_id, corner_time)
values (2, 29, '16:29:19');
insert into footballclub_db.public.corner (match_id, footballer_id, corner_time)
values (3, 1, '17:46:11');
insert into footballclub_db.public.corner (match_id, footballer_id, corner_time)
values (3, 50, '18:33:11');
insert into footballclub_db.public.corner (match_id, footballer_id, corner_time)
values (4, 5, '13:13:33');
insert into footballclub_db.public.corner (match_id, footballer_id, corner_time)
values (4, 10, '13:23:44');
insert into footballclub_db.public.corner (match_id, footballer_id, corner_time)
values (4, 20, '14:23:44');

-- penalty table data
insert into footballclub_db.public.penalty (match_id, footballer_id, penalty_time)
values (1, 11, '14:04:20');
insert into footballclub_db.public.penalty (match_id, footballer_id, penalty_time)
values (1, 10, '14:42:41');
insert into footballclub_db.public.penalty (match_id, footballer_id, penalty_time)
values (1, 1, '15:31:30');
insert into footballclub_db.public.penalty (match_id, footballer_id, penalty_time)
values (1, 8, '15:42:25');
insert into footballclub_db.public.penalty (match_id, footballer_id, penalty_time)
values (2, 30, '16:30:35');
insert into footballclub_db.public.penalty (match_id, footballer_id, penalty_time)
values (3, 5, '17:17:40');
insert into footballclub_db.public.penalty (match_id, footballer_id, penalty_time)
values (3, 53, '17:28:57');
insert into footballclub_db.public.penalty (match_id, footballer_id, penalty_time)
values (3, 47, '18:17:31');
insert into footballclub_db.public.penalty (match_id, footballer_id, penalty_time)
values (3, 55, '18:23:57');
insert into footballclub_db.public.penalty (match_id, footballer_id, penalty_time)
values (4, 13, '14:25:29');

-- card table data
insert into footballclub_db.public.card (match_id, footballer_id, card_time, is_yellow)
values (1, 16, '14:24:50', false);
insert into footballclub_db.public.card (match_id, footballer_id, card_time, is_yellow)
values (1, 5, '14:29:19', true);
insert into footballclub_db.public.card (match_id, footballer_id, card_time, is_yellow)
values (1, 8, '15:23:33', true);
insert into footballclub_db.public.card (match_id, footballer_id, card_time, is_yellow)
values (1, 22, '15:29:19', true);
insert into footballclub_db.public.card (match_id, footballer_id, card_time, is_yellow)
values (1, 10, '15:33:44', false);
insert into footballclub_db.public.card (match_id, footballer_id, card_time, is_yellow)
values (2, 43, '15:03:33', false);
insert into footballclub_db.public.card (match_id, footballer_id, card_time, is_yellow)
values (2, 41, '15:24:50', true);
insert into footballclub_db.public.card (match_id, footballer_id, card_time, is_yellow)
values (2, 23, '15:33:44', false);
insert into footballclub_db.public.card (match_id, footballer_id, card_time, is_yellow)
values (2, 24, '16:33:44', true);
insert into footballclub_db.public.card (match_id, footballer_id, card_time, is_yellow)
values (2, 25, '16:41:23', true);
insert into footballclub_db.public.card (match_id, footballer_id, card_time, is_yellow)
values (3, 54, '17:33:44', false);
insert into footballclub_db.public.card (match_id, footballer_id, card_time, is_yellow)
values (3, 10, '17:41:23', true);
insert into footballclub_db.public.card (match_id, footballer_id, card_time, is_yellow)
values (3, 47, '17:46:11', true);
insert into footballclub_db.public.card (match_id, footballer_id, card_time, is_yellow)
values (3, 5, '18:23:33', true);
insert into footballclub_db.public.card (match_id, footballer_id, card_time, is_yellow)
values (3, 2, '18:46:21', false);
insert into footballclub_db.public.card (match_id, footballer_id, card_time, is_yellow)
values (4, 26, '13:33:44', true);
insert into footballclub_db.public.card (match_id, footballer_id, card_time, is_yellow)
values (4, 32, '13:41:23', true);
insert into footballclub_db.public.card (match_id, footballer_id, card_time, is_yellow)
values (4, 26, '14:24:50', false);
insert into footballclub_db.public.card (match_id, footballer_id, card_time, is_yellow)
values (4, 19, '14:29:19', true);
insert into footballclub_db.public.card (match_id, footballer_id, card_time, is_yellow)
values (4, 29, '14:41:23', true);

-- footballer statistic in match table data
-- We insert footballer statistic data only for the first match.
insert into footballclub_db.public.footballer_statistic_in_match (footballer_id, match_id, goals, corners, penalties,
                                                                  yellow_cards, red_cards, time_played)
values (1, 1, 1, 0, 1, 0, 0, '00:45:00');
insert into footballclub_db.public.footballer_statistic_in_match (footballer_id, match_id, goals, corners, penalties,
                                                                  yellow_cards, red_cards, time_played)
values (2, 1, 0, 1, 0, 0, 0, '00:45:00');
insert into footballclub_db.public.footballer_statistic_in_match (footballer_id, match_id, goals, corners, penalties,
                                                                  yellow_cards, red_cards, time_played)
values (3, 1, 0, 0, 0, 0, 0, '00:45:00');
insert into footballclub_db.public.footballer_statistic_in_match (footballer_id, match_id, goals, corners, penalties,
                                                                  yellow_cards, red_cards, time_played)
values (4, 1, 0, 0, 0, 0, 0, '00:45:00');
insert into footballclub_db.public.footballer_statistic_in_match (footballer_id, match_id, goals, corners, penalties,
                                                                  yellow_cards, red_cards, time_played)
values (5, 1, 0, 0, 0, 1, 0, '00:45:00');
insert into footballclub_db.public.footballer_statistic_in_match (footballer_id, match_id, goals, corners, penalties,
                                                                  yellow_cards, red_cards, time_played)
values (6, 1, 0, 0, 0, 0, 0, '00:45:00');
insert into footballclub_db.public.footballer_statistic_in_match (footballer_id, match_id, goals, corners, penalties,
                                                                  yellow_cards, red_cards, time_played)
values (7, 1, 0, 0, 0, 0, 0, '00:45:00');
insert into footballclub_db.public.footballer_statistic_in_match (footballer_id, match_id, goals, corners, penalties,
                                                                  yellow_cards, red_cards, time_played)
values (8, 1, 2, 0, 1, 1, 0, '00:45:00');
insert into footballclub_db.public.footballer_statistic_in_match (footballer_id, match_id, goals, corners, penalties,
                                                                  yellow_cards, red_cards, time_played)
values (9, 1, 0, 1, 0, 0, 0, '00:45:00');
insert into footballclub_db.public.footballer_statistic_in_match (footballer_id, match_id, goals, corners, penalties,
                                                                  yellow_cards, red_cards, time_played)
values (10, 1, 1, 0, 1, 0, 1, '00:45:00');
insert into footballclub_db.public.footballer_statistic_in_match (footballer_id, match_id, goals, corners, penalties,
                                                                  yellow_cards, red_cards, time_played)
values (11, 1, 0, 0, 1, 0, 0, '00:45:00');
insert into footballclub_db.public.footballer_statistic_in_match (footballer_id, match_id, goals, corners, penalties,
                                                                  yellow_cards, red_cards, time_played)
values (12, 1, 0, 0, 0, 0, 0, '00:45:00');
insert into footballclub_db.public.footballer_statistic_in_match (footballer_id, match_id, goals, corners, penalties,
                                                                  yellow_cards, red_cards, time_played)
values (13, 1, 0, 1, 0, 0, 0, '00:45:00');
insert into footballclub_db.public.footballer_statistic_in_match (footballer_id, match_id, goals, corners, penalties,
                                                                  yellow_cards, red_cards, time_played)
values (14, 1, 1, 0, 0, 0, 0, '00:45:00');
insert into footballclub_db.public.footballer_statistic_in_match (footballer_id, match_id, goals, corners, penalties,
                                                                  yellow_cards, red_cards, time_played)
values (15, 1, 0, 1, 0, 0, 0, '00:45:00');
insert into footballclub_db.public.footballer_statistic_in_match (footballer_id, match_id, goals, corners, penalties,
                                                                  yellow_cards, red_cards, time_played)
values (16, 1, 0, 0, 0, 0, 1, '00:45:00');
insert into footballclub_db.public.footballer_statistic_in_match (footballer_id, match_id, goals, corners, penalties,
                                                                  yellow_cards, red_cards, time_played)
values (17, 1, 0, 0, 0, 0, 0, '00:45:00');
insert into footballclub_db.public.footballer_statistic_in_match (footballer_id, match_id, goals, corners, penalties,
                                                                  yellow_cards, red_cards, time_played)
values (18, 1, 1, 0, 0, 0, 0, '00:45:00');
insert into footballclub_db.public.footballer_statistic_in_match (footballer_id, match_id, goals, corners, penalties,
                                                                  yellow_cards, red_cards, time_played)
values (19, 1, 0, 0, 0, 0, 0, '00:45:00');
insert into footballclub_db.public.footballer_statistic_in_match (footballer_id, match_id, goals, corners, penalties,
                                                                  yellow_cards, red_cards, time_played)
values (20, 1, 0, 0, 0, 0, 0, '00:45:00');
insert into footballclub_db.public.footballer_statistic_in_match (footballer_id, match_id, goals, corners, penalties,
                                                                  yellow_cards, red_cards, time_played)
values (21, 1, 0, 0, 0, 0, 0, '00:45:00');
insert into footballclub_db.public.footballer_statistic_in_match (footballer_id, match_id, goals, corners, penalties,
                                                                  yellow_cards, red_cards, time_played)
values (22, 1, 0, 0, 0, 1, 0, '00:45:00');
